{
  "project_info": {
    "project_number": "453746060862",
    "firebase_url": "https://cruddndv2-default-rtdb.firebaseio.com",
    "project_id": "cruddndv2",
    "storage_bucket": "cruddndv2.appspot.com"
  },
  "client": [
    {
      "client_info": {
        "mobilesdk_app_id": "1:453746060862:android:acd6148c6bc432a1e66b6f",
        "android_client_info": {
          "package_name": "com.example.crud"
        }
      },
      "oauth_client": [
        {
          "client_id": "453746060862-2s0jsilia7mafv71jidcj3agkd4kejmb.apps.googleusercontent.com",
          "client_type": 3
        }
      ],
      "api_key": [
        {
          "current_key": "AIzaSyBzyTvP8MAGIOPdhpkSg2pBZfEJADI4Nrk"
        }
      ],
      "services": {
        "appinvite_service": {
          "other_platform_oauth_client": [
            {
              "client_id": "453746060862-2s0jsilia7mafv71jidcj3agkd4kejmb.apps.googleusercontent.com",
              "client_type": 3
            }
          ]
        }
      }
    }
  ],
  "configuration_version": "1"
}